referralId,name
v-1489699232,Baraga County Memorial Hospital
v-1489699232,Early Memorial hospital
v-1489699232,Pioneer Community Hospital
v-1489699232,Early Memorial Nursing Home
v-1489699232,PCH Early
v-1489699232,Henry County Health and Rehabilitation
v-1489699233,Abbeville General Hospital
v-1489699233,Lafayette General Southwest Medical Center
v-1489699233,Cardiovascular Institute Of The South
v-1489699233,Heart Hospital of Lafayette
v-1489699233,Townsend Recovery Center
v-1489699233,lafayette general surgery dept
v-1489699233,American Legion Hospital
v-1489699233,Lafayette General Medical Center
v-1489699233,University Hospital & Clinics
v-1489699233,Our Lady Of Lourdes Regional Medical Center
v-1489699233,Lafayette General Medical Center Intensive Care Unit
v-1489699233,Strategize Consulting
v-1489699233,St. Bernadettes Clinic
v-1489699233,Mmo
v-1489699233,RMCA
v-1489699233,Lafayette General Surgical Hospital / LGSH
v-1489699233,Red Lerille's Health & Racquet Club
v-1489699233,OLOL
v-1489699233,Camelot Of Broussard
v-1489699233,Towndsand Drug Rehab
v-1489699233,Leoni Eye Clinic
v-1489699233,Optima Specialty Hospital
v-1489699233,Mother-Baby Unit at Lafayette General Medical Center
v-1489699233,Sonnier's insane asylum
v-1489699233,Abbeville General
v-1489699233,Angel Care Hospice
v-1489699233,"Spine Institute Of Southwest LA , LLC"
v-1489699233,The Regional Medical Center of Acadiana
v-1489699233,Iberia Medical Center
v-1489699233,Mario A Cerame
v-1489699233,Wells Avenue Parking
v-1489699233,Abbeville Area Medical Center
v-1489699233,SRH Progressive Care Unit
v-1489699233,SRH In-patient Pharmacy
v-1489699233,SRH 6 Tower
v-1489699233,SRH CICU
v-1489699233,SRH ICU/CCU
v-1489699233,2T Womens Center
v-1489699233,SRH Basement
v-1489699233,SRH-Nesbit Center
v-1489699233,SRH-Pediatrics
v-1489699233,CICU Waiting Room
v-1489699233,SRH 4 Tower
v-1489699233,Self Regional Healthcare
v-1489699233,SRH-Radiology Main X-ray
v-1489699233,Greenwood Regional Rehabilitation Hospital
v-1489699233,SRH 3 Tower
v-1489699233,SRH-Ultrasound Dept
v-1489699233,Kinard Animal Hospital
v-1489699233,SRH-Recovery Room
v-1489699233,Magnolia Manor
v-1489699233,Home Health Services of SRH
v-1489699233,Greenwood rehab
v-1489699233,SRH Employee Health
v-1489699233,SRH-7 Tower.
v-1489699233,Self Regional Healthcare-Ambulatory Care Surgery Center
v-1489699233,SRH 5 Tower
v-1489699233,SRH- CT Dept
v-1489699233,Self Regional Hospital
v-1489699234,Chris's Recovery Center
v-1489699234,Grays Harbor Community Hospital
v-1489699234,The Old St Jo's Hospital
v-1489699234,G.H.C.H. East Campus
v-1489699234,Touched By An Angel
v-1489699233,pioneer community hospital of aberdeen
v-1489699233,Gilmore Memorial Hospital
v-1489699233,Baptist Memorial Hospital- Golden Triangle
v-1489699233,Baptist Memorial Hospital Golden Triangle
v-1489699233,Baptist Memorial Outpatient Pavillion
v-1489699233,BMH-GT Level 4
v-1489699233,Harms Memorial Hospital
v-1489699233,Safehaven Hospital and Care Center
v-1489699233,Renaissance Ranch Addiction Treatment Centers
v-1489699233,Portneuf Regional Medical Center
v-1489699233,Health And Welness Sleep Institute
v-1489699233,Hospital pocatello Portnuff
v-1489699233,Portneuf Medical Center
v-1489699233,University of Maryland Harford Memorial Hospital
v-1489699233,MedStar Health Bel Air Medical Campus
v-1489699233,Urgent Care at Elkton
v-1489699233,Union Hospital Labor and Delivery
v-1489699233,Kaufman Cancer Center
v-1489699233,Perry Point VA Medical Center
v-1489699233,University of Maryland Upper Chesapeake Medical Center
v-1489699233,Xray At Union Hospital
v-1489699233,Chesapeake Radiology
v-1489699233,Wound Care Center
v-1489699233,Upper Chesapeake Family Birthplace
v-1489699233,UCMC Family Birth Place
v-1489699233,Patricia D. and M. Scot Kaufman Cancer Center
v-1489699233,Franklin square Hospital ICU Tower
v-1489699233,Perry Point Medical Center- CHEP
v-1489699233,Urgent Care at Principio
v-1489699233,Union Hospital Sleep Study Unit
v-1489699233,Perry Point VA Medical Center Building 361
v-1489699233,Upper Chesapeake Children's Center
v-1489699233,Laurelwood Rehabilitation & Care Center
v-1489699233,Perry Point VA Medical Center Building 80
v-1489699233,VCA Elkton Animal Hospital
v-1489699233,Union Hospital Breast Health Center
v-1489699233,Upper Chesapeake Hospital Emergency Center
v-1489699233,Union Hospital
v-1489699233,Union Hospital Emergency Room
v-1489699234,Avera St. Luke's Hospital
v-1489699234,Aberdeen Orthopedics & Sports Medicine
v-1489699234,Avera St Lukes Education Center
v-1489699234,The Tunnels
v-1489699234,Stanford Hospital
v-1489699234,Worthmore Addiction Services
v-1489699234,Sanford Aberdeen Medical Center
v-1489699234,Texas Specialty Hospital
v-1489699234,TrustPoint Hospital
v-1489699234,Concentra Urgent Care
v-1489699234,High Plains Surgery Center
v-1489699234,Grace Hospital
v-1489699234,South 6 Ortho
v-1489699234,Covenant Specialty Hospital
v-1489699234,University Medical Center
v-1489699234,Lubbock Heart Hospital
v-1489699234,SICU-3
v-1489699234,Hope Urgent Care Clinic
v-1489699234,Lubbok Heart Hospital CCCU
v-1489699234,Northstar Medical Complex
v-1489699234,Hospice Of The South Plains
v-1489699234,Digestive Health Associates of Texas
v-1489699234,Covenant Surgical Assessment Services
v-1489699234,UMC: Outpatient Surgery
v-1489699234,Covenant Heart And Vascular
v-1489699234,2 West Hydrotherapy
v-1489699234,Sunrise Canyon
v-1489699234,HC5
v-1489699234,South 9 Covenant
v-1489699234,South 4 SICU
v-1489699234,The Plaza
v-1489699234,NSS Transport
v-1489699234,South 5 Covenant
v-1489699234,MICU
v-1489699234,Covenant Women's and Children's
v-1489699234,UMC: Emergency Room
v-1489699234,UMC Health System
v-1489699235,Abilene Memorial Hospital
v-1489699235,Salina Regional Health Center
v-1489699235,salina sports medical clinic
v-1489699235,Saferoom Salina
v-1489699235,"Salina Surgical Center, L.L.C."
v-1489699235,Salina Surgical Center
v-1489699235,Salina Urology Associates PA
v-1489699235,Salina Regional Medical Center ICU family waiting area
v-1489699235,Geary community hospital
v-1489699235,Abilene Artificial Limbs
v-1489699235,Hendrick Medical Center Physicians Lounge
v-1489699235,Jones Building-Hendrick Medical Center
v-1489699235,C6
v-1489699235,Abilene Regional Outpatient
v-1489699235,ARMC Express Test
v-1489699235,Room 3102 ARMC
v-1489699235,Abilene State School
v-1489699235,Tech Room
v-1489699235,Air Evac 63
v-1489699235,Animal Health & Medical Center
v-1489699235,Hendrick Medical Supply
v-1489699235,Hendrick CCU
v-1489699235,Serenity House
v-1489699235,Dr Sinclairs Office
v-1489699235,HMC parking Lot
v-1489699235,Acadia Abilene Hospital
v-1489699235,Blood Drive
v-1489699235,Dyess AFB Hospital
v-1489699235,Parker 6 (Orthopedics)
v-1489699235,Care Inn Nursing Home
v-1489699235,Cooks Children Medial Center
v-1489699235,Oceans
v-1489699235,Hendrick Health Systems
v-1489699235,Reliant Rehab Hospital Abilene
v-1489699235,Room 3116 ARMC
v-1489699235,The Pharmacy
v-1489699235,Admissions
v-1489699235,Hendrick Medical Center
v-1489699235,Abilene Regional Medical Center
v-1489699235,Johnston Memorial Hospital
v-1489699235,Johnston Memorial Hospital / Radiology Dept.
v-1489699235,Johnston Memorial Hospital / Outpatient Laboratory
v-1489699235,MBM Bristol Humane Society Spay/Neuter Clinic
v-1489699235,Bristol Regional Medical Center
v-1489699235,Johnston Memorial Hospital / Respiratory
v-1489699235,ICU Waiting Room
v-1489699235,Select Specialty Hospital
v-1489699235,Wellmont Hospital
v-1489699235,Bristol regional medical
v-1489699235,Johnston Memorial Cancer Treatment Center
v-1489699235,Healthsouth Rehab Of SWVA
v-1489699235,Wellmont Medical Center
v-1489699235,HealthSouth rehabilitation Hospital
v-1489699235,EVS Wellmont
v-1489699235,JMH
v-1489699235,Radiology
v-1489699235,Russell County Medical Center
v-1489699235,Johnson County Community Hospital
v-1489699235,VCA Highlands Animal Hospital
v-1489699236,MDI Hospital On Call House
v-1489699236,Cortland - Rehabilitation and Assisted living
v-1489699236,Maine Coast Rehabilitation Services
v-1489699236,Maine Coast Memorial Hospital
v-1489699236,Andrew's Surgical Waiting Area
v-1489699236,Mount Desert Hospital
v-1489699236,Blue Hill Memorial Hospital
v-1489699236,MCMH Breast Clinic
v-1489699236,Repo's Insane Asylum
v-1489699236,MCMH Lab
v-1489699236,Katahdin Center MCMH
v-1489699236,Shore Memorial Hospital
v-1489699236,Choctaw Medical Center
v-1489699236,ackerman er
v-1489699236,Winston County Hospital
v-1489699236,Turning Point
v-1489699236,Webster Health Department
v-1489699236,Winston Medical Center
v-1489699236,Diamond Grove Center
v-1489699236,North Mississippi Medical Center Eupora
v-1489699236,MedExpress Urgent Care
v-1489699236,Arnold Palmer Medical Oncology - Mountain View
v-1489699236,Laurel Surgical Center
v-1489699236,WH Outpatient Registration
v-1489699236,"UPMC CancerCenter, Uniontown"
v-1489699236,Latrobe Hospital
v-1489699236,Uniontown Hospital
v-1489699236,Highlands Hospital
v-1489699236,Westmoreland Regional Hospital
v-1489699236,Frick Hospital
v-1489699236,Select Speciality Care
v-1489699236,Dear Lodging Medical
v-1489699236,Westmoreland Behavioral Health
v-1489699236,Excela Health Employment Center
v-1489699236,STAT MedEvac 2
v-1489699236,Westmoreland Hospital LDR-D
v-1489699236,Westmoreland hospital outpatient registration
v-1489699236,Excela Health Latrobe ICU
v-1489699236,Barclay Rehabilitation At Frick
v-1489699236,Med Express
v-1489699236,CRS Greensburg - Route 30
v-1489699236,Uniontown Hospital ICU
v-1489699236,Womancare Associates - Delmont
v-1489699236,UPMC Centers for Rehab Services: Greensburg - West Newton St.
v-1489699236,Westmoreland Hospital Cardiovascular
v-1489699236,Womancare Associates - Irwin
v-1489699236,Somerset Hospital
v-1489699237,Bridges Medical Center
v-1489699237,Valley View Regional Hospital
v-1489699237,Chickasaw Nation Pharmacy
v-1489699237,CNMC IT
v-1489699237,Chickasaw Nation Medical Center
v-1489699237,Ada Cancer Clinic
v-1489699237,ada oklahoma
v-1489699237,Rolling Hills Hospital
v-1489699237,North Adams Regional Hospital
v-1489699237,Deerfield Valley Health Center
v-1489699237,Crane Center for Ambulatory Surgery
v-1489699237,Hillcrest Hospital
v-1489699237,"Cardiovascular Center, MRI Ultrasound & Radiology"
v-1489699237,waiting area in the hospital
v-1489699237,Southwestern Vermont Medical Center
v-1489699237,Berkshire Medical Center
v-1489699237,MedExpress Urgent Care
v-1489699237,Curbside Hospitality
v-1489699237,BMC - Dept of Radiation Oncology
v-1489699237,Bennington Health & Rehab
v-1489699237,Hillcrest Hospital Sleep Disorders Center
v-1489699237,BMC - Radiology
v-1489699237,BMC - Orthopedic Unit
v-1489699237,BMC - Telemetry Unit
v-1489699237,Samaritan Sleep Study Lab
v-1489699237,Samaritan Main OR
v-1489699237,Samaritan Technology Lab
v-1489699237,Samaritan Medical Center Radiology Department
v-1489699237,Guthrie Pharmacy
v-1489699237,Marra's Homecare
v-1489699237,Samaritan Medical Center
v-1489699237,Guthrie Clinic
v-1489699238,marshfield hospital marshfield
v-1489699238,Moundview Hospital
v-1489699238,St. Clare's Hospital
v-1489699238,Hess Memorial Hospital
v-1489699238,Vampire Time
v-1489699238,Caseys Sterile Paradise. Room 314
v-1489699238,Arnot Ogden Medical Center Ivy II Building
v-1489699238,Guthrie Corning Hospital Labor and Delivery/ Maternity
v-1489699238,Arnot Ogden Day Surgery
v-1489699238,Founders
v-1489699238,Arnot Ogden Wound Clinic
v-1489699238,Guthrie Corning Hospital Pediatrics Unit
v-1489699238,AOMC HEART INSTITUTE
v-1489699238,Guthrie Corning Hospital
v-1489699238,Arnot Ogden Medical Center
v-1489699238,Soldiers and Sailors Memorial Hospital
v-1489699238,Memorial Hospital Of Adel
v-1489699238,Memorial Hospital of Adel
v-1489699238,Veteran's Affairs (VA) Outpatient Clinic
v-1489699238,South Georgia Medical Center
v-1489699238,SGMC Traction Department
v-1489699238,SGMC ASC
v-1489699238,South Georgia Surgery Center
v-1489699238,Pediatric Wing
v-1489699238,LSMH Radiology Department
v-1489699238,L&D
v-1489699238,Smith Northview Radiology Department
v-1489699238,1st America Home Medical Equipment
v-1489699238,Moody Clinic
v-1489699238,South Georgia Medical Warehouse
v-1489699238,Rudy's
v-1489699238,South Georgia Medical Center Walk in Lab
v-1489699238,Eanes Birth Center
v-1489699238,SGMC ICU
v-1489699238,Tift County EMS
v-1489699238,SGMC OR
v-1489699238,SGMC Radiology Department
v-1489699238,Berrien County Hospital
v-1489699238,South Georgia Medical Center Imaging Center
v-1489699238,Louis Smith Memorial Hospital
v-1489699238,Greenleaf Behavioral Health Hospital
v-1489699238,SGMC Patient Financial Services
v-1489699238,Labor And Delivery
v-1489699238,SGMC Smith Northview Campus
v-1489699239,Victor Valley Community Hospital - Education Building
v-1489699239,Knolls West Station 3
v-1489699239,Victor Valley Global Medical Center
v-1489699239,Animal Medical Center
v-1489699239,Apple Valley Christian Care
v-1489699239,St. Mary Medical Center
v-1489699239,Desert Valley Hospital
v-1489699239,South Med/Surg
v-1489699239,TinaMD Parking Spot
v-1489699239,Desert Knolls Convalescent Hospital
v-1489699239,West Telemetry
v-1489699239,"A.V. Bhutwala, M.D."
v-1489699239,Foremost Residential Facility
v-1489699239,"Yea Buddy, Outta Clinical Early!"
v-1489699239,high desert medical center
v-1489699239,Vvch Post Pardom
v-1489699239,VCA Victor Valley Animal Hospital
v-1489699239,DVMG. Mammography
v-1489699239,victor valley community hospital
v-1489699239,Hesperia Animal Hospital
v-1489699239,Choice Medical Group
v-1489699239,North Telementry
v-1489699239,St Mary Outpatient Surgery Center
v-1489699239,OR #2
v-1489699239,St. Mary's Hospital
v-1489699239,Casa Colina
v-1489699239,Victor Valley Hospital
v-1489699239,St. Marys Hospital/Labor&Delivery
v-1489699239,Victor Valley Community Hospital
v-1489699239,Adirondack Medical Center in Lake Placid
v-1489699239,"Adirondack Health, Lake Colby Drive"
v-1489699239,lake placid medical center
v-1489699239,Care Pregnancy Center of Lenawee
v-1489699239,ProMedica Herrick Manor
v-1489699239,Lenawee Medical Care Facility
v-1489699239,Bixby Radiology
v-1489699239,ProMedica Herrick Hospital
v-1489699239,Zangmeister Cancer Center Columbus Oh
v-1489699239,Mri
v-1489699239,Bixby Women's Health
v-1489699239,Hickman Cancer Center Adrian MI
v-1489699239,Hospice Of Lenawee
v-1489699239,ProMedica Total Rehab - Bixby Hospital
v-1489699239,ProMedica Physicians Jobst Vascular - Tecumseh
v-1489699239,ProMedica Monroe Regional Hospital Internal Medicine - Dundee
v-1489699239,ProMedica Physicians Jobst Vascular - Adrian
v-1489699239,ProMedica Home Medical Equipment - Adrian
v-1489699239,Bixby Lab
v-1489699240,Tri-town regional hospital
